Q1,email=rpaffotm6@tuttocitta.it,size=3XL,skills=EIM,nationality=Republic of the Congo,money_owned=$5.61
Q2,gender=Genderqueer,nationality=Burkina Faso
Q3,first_name=Stefanie,email=blynamc3@reference.com,title=Dr,skills=HR Information Management,money_owned=$2.90
Q4,first_name=Garrek,last_name=Kegan,email=qmerrellb3@hhs.gov,gender=Male,title=Mrs,size=M,nationality=Panama,money_owned=$1.91
Q5,first_name=Kayne,last_name=McClean,title=Mr,size=2XL,nationality=Hungary
Q6,gender=Genderqueer,money_owned=$3.06
Q7,first_name=Sandye,last_name=Backsal,email=ebiagioni19@engadget.com,gender=Non-binary,title=Honorable,size=S,skills=BSC,nationality=Cuba
Q8,first_name=Rubia,last_name=Cowerd,skills=AutoCAD,nationality=French Guiana,money_owned=$4.58
Q9,first_name=Brion,last_name=Pepall,email=dcowerdgj@xing.com,gender=Genderfluid,title=Mrs,size=XS,skills=Yiddish,nationality=Spain,money_owned=$5.82
Q10,first_name=Leopold,last_name=Accomb,gender=Bigender,size=2XL,skills=FDCPA,nationality=Bosnia and Herzegovina,money_owned=$1.52
Q11,first_name=Barnie,email=lkoppelmann87@geocities.com,gender=Non-binary,size=2XL,skills=Juggling
Q12,last_name=Wippermann,title=Dr,size=3XL
Q13,first_name=Alon,last_name=Leynagh,email=nseneschalmy@blog.com,gender=Female,title=Mr,size=3XL,skills=Beer,money_owned=$7.14
Q14,last_name=Anmore,email=lbreslaufa@hhs.gov,gender=Male,title=Mr,skills=HR Management,money_owned=$9.49
Q15,first_name=Packston,gender=Genderqueer,title=Dr,skills=Frame Relay
Q16,first_name=Ximenez,email=zhurn9d@dropbox.com,gender=Agender,title=Ms,money_owned=$6.02
Q17,first_name=Napoleon,last_name=Genner,email=jwitherdenii@twitter.com,gender=Bigender,title=Honorable,nationality=Lesotho
Q18,first_name=Ware,last_name=Axtens,email=schaterj0@newsvine.com,gender=Female,title=Rev,size=L,skills=Fiber Optics,nationality=Syria,money_owned=$5.50
Q19,email=rtimmonsf7@harvard.edu
Q20,first_name=Carmel,gender=Non-binary,title=Honorable,size=XL,skills=CQE,nationality=Turkmenistan,money_owned=$6.45
Q21,first_name=Gino,last_name=Crutchfield,email=cbollettinq@telegraph.co.uk,gender=Non-binary,title=Dr,size=3XL,skills=MPEG-4,money_owned=$7.79
Q22,last_name=Guiu,title=Mr
Q23,skills=TFM
Q24,first_name=Arluene,last_name=Hammerberger,gender=Polygender,nationality=Trinidad and Tobago
Q25,last_name=Weavers,email=nmillicanjw@mozilla.org,gender=Genderfluid,title=Honorable,size=XL,skills=SAP-SD,nationality=Mexico,money_owned=$5.84
Q26,first_name=Melody,last_name=Rushton,gender=Non-binary,title=Dr,size=XS,skills=Small Business Development,nationality=Niger,money_owned=$3.76
Q27,first_name=Kellsie,last_name=Quainton,email=rroadnightn8@themeforest.net,gender=Non-binary,size=2XL
Q28,first_name=Napoleon,last_name=McTerlagh,email=tdifrancescod7@wiley.com,gender=Male,skills=KRAs,nationality=Sri Lanka,money_owned=$6.18
Q29,first_name=Cullie,skills=Ektron,nationality=Moldova
Q30,gender=Non-binary
Q31,first_name=Netta,email=dollive1r@geocities.com,gender=Agender,title=Dr,size=3XL,skills=xUnit,nationality=Micronesia
Q32,title=Dr
Q33,first_name=Yasmin,last_name=Flory,email=jclicka0@php.net,gender=Female,title=Dr,size=M,skills=Lawson HRIS,nationality=Netherlands,money_owned=$6.59
Q34,email=kladsonod@howstuffworks.com,title=Dr,skills=Personal Injury,money_owned=$0.49
Q35,last_name=Hapgood,email=jdumphreyfr@so-net.ne.jp,gender=Bigender,size=2XL,skills=Rolling Stock,money_owned=$0.53
Q36,money_owned=$4.07
Q37,first_name=Benedicta,last_name=Radke,gender=Agender,title=Ms,size=2XL,skills=CGEIT
Q38,first_name=Boot,last_name=Secretan,size=XS,skills=Classical,money_owned=$3.10
Q39,first_name=Guenevere,last_name=Ottosen,email=gglazebrookfz@amazon.co.uk,gender=Non-binary,title=Mr,skills=UB04,nationality=Bulgaria,money_owned=$5.99
Q40,email=vcaustonqb@wp.com,gender=Polygender,title=Honorable,skills=Dhcpd
Q41,last_name=Mair,email=keves4g@princeton.edu,gender=Polygender,title=Dr,size=3XL,skills=Yardi Voyager,nationality=Equatorial Guinea,money_owned=$0.03
Q42,first_name=Millard,last_name=Muncaster,email=tvanyushkinhj@indiatimes.com,size=XS
Q43,first_name=Marco,last_name=Bader,email=schaterj0@newsvine.com,gender=Genderqueer,size=3XL,nationality=Azerbaijan,money_owned=$2.39
Q44,first_name=Eddy,last_name=Gandley,gender=Polygender,size=S,skills=Oil &amp; Gas,nationality=Greece
Q45,skills=Rx
Q46,last_name=Natwick,title=Honorable,skills=DFS
Q47,email=rmcgavigan5p@de.vu,title=Mr,size=XS,skills=GNSS
Q48,first_name=Gasparo,last_name=Mepham,email=spetroulisek@bbb.org,size=2XL,skills=Youth Empowerment,nationality=Oman
Q49,first_name=Padgett,last_name=Hilhouse,gender=Female,size=XL,nationality=Lesotho,money_owned=$5.14
Q50,first_name=Gertrud,email=ssecretan1w@businessweek.com,gender=Female,title=Mrs,size=L,skills=WLM,nationality=French Guiana,money_owned=$5.10
Q51,nationality=Armenia
Q52,gender=Bigender
Q53,gender=Bigender
Q54,gender=Female,skills=WSDL
Q55,last_name=Way
Q56,first_name=Kyle,last_name=Munns,email=neaden93@statcounter.com,gender=Non-binary,title=Honorable,size=L,skills=Wine Tasting,nationality=Yemen
Q57,nationality=Serbia,money_owned=$1.10
Q58,last_name=Merredy,email=mosbournefs@youtube.com,gender=Polygender,title=Mr,size=3XL,skills=Epi Info,nationality=Zimbabwe,money_owned=$9.33
Q59,first_name=Clo,gender=Agender,title=Ms,size=L,money_owned=$3.34
Q60,first_name=Hillard,last_name=Kirsz,email=kokeshottis@flickr.com,gender=Genderqueer,size=L,skills=DBs,nationality=Argentina,money_owned=$6.54
Q61,gender=Genderfluid,title=Rev,size=3XL,skills=Facilitation,nationality=Guam,money_owned=$6.19
Q62,email=sdowbigginnz@i2i.jp,gender=Agender,size=3XL,money_owned=$3.58
Q63,first_name=Dael,last_name=Giorgio,email=hheinreich7b@smh.com.au,gender=Genderfluid,size=XS,skills=Pyramix
Q64,last_name=Munns,email=mburdittqz@nasa.gov,title=Mrs,size=2XL,nationality=Costa Rica
Q65,first_name=Ardath,last_name=Obern,email=mbradbrookmr@sina.com.cn,gender=Non-binary,title=Mrs,size=L,skills=Data Guard,nationality=Canada,money_owned=$3.89
Q66,first_name=Theodor,email=golivep@nba.com,money_owned=$5.23
Q67,first_name=Quillan,last_name=Kenford,email=rsollimeei@ft.com,gender=Bigender,title=Honorable,size=XL,skills=Overseeing Projects,money_owned=$7.89
Q68,last_name=Cheatle,email=ttillertonfu@hao123.com,title=Dr,size=2XL,skills=iHistorian,nationality=Chile,money_owned=$6.75
Q69,first_name=Fergus,title=Honorable,skills=Professional Liability,nationality=Malaysia,money_owned=$6.22
Q70,first_name=William,last_name=Cheatle,email=abraysher1o@feedburner.com,gender=Male,title=Honorable,skills=MPIO,money_owned=$3.51
Q71,first_name=Averyl,title=Ms,size=2XL,skills=TV Distribution,nationality=Colombia,money_owned=$6.38
Q72,first_name=Tammie,last_name=Josskovitz,email=cmcmurdorg@bloglovin.com,gender=Agender,skills=Youth Entrepreneurship,nationality=Andorra,money_owned=$7.12
Q73,first_name=Kenny,email=cmcmurdorg@bloglovin.com,gender=Non-binary,size=L,skills=WTL,money_owned=$8.39
Q74,email=dlinggard1d@msu.edu,gender=Genderqueer,nationality=Pakistan,money_owned=$4.71
Q75,first_name=Lesly,last_name=Crutchfield,size=M,nationality=Russia
Q76,first_name=Onofredo,last_name=Frow,email=acapon81@mail.ru,gender=Female,title=Mrs,size=3XL,skills=Ektron,money_owned=$5.66
Q77,gender=Agender,title=Dr
Q78,first_name=Dore,last_name=Ainsby,gender=Bigender,title=Rev,size=M,skills=FpML,nationality=Austria,money_owned=$1.67
Q79,skills=Zendesk
Q80,first_name=Matthias,last_name=Gellibrand,gender=Male,title=Mr,size=3XL,skills=QMF for Windows,nationality=French Guiana,money_owned=$5.14
Q81,title=Rev
Q82,first_name=Maxwell,last_name=Chopy,email=jbeardshawqr@hao123.com,size=L,skills=DTR,nationality=Japan
Q83,email=cdunbabinr@yellowpages.com,title=Mrs,skills=Windows Server,nationality=Nicaragua
Q84,first_name=Trenton,last_name=Dodsworth
Q85,last_name=Parkman,email=mholleworthrk@army.mil,skills=Youth Entrepreneurship,money_owned=$0.48
Q86,first_name=Maribel,email=emottinellico@blogger.com,size=XS,money_owned=$2.64
Q87,first_name=Jolie,gender=Non-binary,size=2XL,skills=CBI
Q88,last_name=McGriffin,email=dhowatt37@digg.com,nationality=Zimbabwe,money_owned=$1.90
Q89,first_name=Tuck,last_name=Ollerearnshaw,email=dgeorgesonbe@cnet.com,gender=Polygender,title=Mrs,size=XL,skills=Core FTP,nationality=Mexico,money_owned=$8.08
Q90,email=terikssongx@theglobeandmail.com,title=Ms,nationality=Kazakhstan
Q91,first_name=Huberto,last_name=Gettins,gender=Female,title=Ms,size=2XL,nationality=Peru
Q92,first_name=Lorie,email=stolfreyqi@home.pl,size=3XL,skills=High Availability Clustering
Q93,first_name=Ernst,skills=MP2
Q94,first_name=Melissa,size=S
Q95,email=amacgaughyn3@foxnews.com,gender=Non-binary,title=Mr,skills=Switchgear,money_owned=$5.21
Q96,last_name=Morrieson,email=kbonsulb9@wikia.com,gender=Non-binary,size=XL,skills=PVSyst,nationality=Central African Republic
Q97,skills=Civil Aviation
Q98,first_name=Cullie,last_name=Storrar,size=L,skills=Healthcare,money_owned=$3.67
Q99,first_name=Barton,size=XL
Q100,first_name=Johnath,last_name=Broscombe,email=nmullym1@xrea.com,gender=Polygender,title=Mrs,size=3XL,skills=Knee Surgery,nationality=Kiribati
Q101,last_name=Cottingham,size=XL
Q102,last_name=Marunchak,email=lmunson3j@intel.com,money_owned=$8.98
Q103,last_name=Jumonet,email=adelaperrelle9u@apple.com,skills=Pdf
Q104,last_name=Chewter,email=keves4g@princeton.edu,gender=Bigender,title=Honorable,skills=Aqualogic,nationality=Morocco,money_owned=$5.24
Q105,title=Mr
Q106,first_name=Sawyere,last_name=Juares,email=tmayers59@macromedia.com,title=Mr,size=2XL,skills=Estimates,nationality=Uruguay,money_owned=$9.77
Q107,gender=Polygender
Q108,first_name=Eamon,last_name=Dregan,gender=Polygender,size=2XL,nationality=Afghanistan,money_owned=$8.10
Q109,email=lgumlyab@apache.org,title=Honorable,size=L,skills=RCRA
Q110,size=2XL,skills=HTML5
Q111,first_name=Ritchie,last_name=Maudlin,email=rsugarmanje@over-blog.com,title=Mrs,size=XL,skills=OCR,nationality=Marshall Islands,money_owned=$5.16
Q112,email=dgrelka4p@nytimes.com,nationality=Sri Lanka,money_owned=$1.87
Q113,first_name=Reuven
Q114,last_name=Riddel,email=omacer2@google.de,title=Rev,size=S
Q115,first_name=Melody,last_name=Cawker,email=sboullergt@npr.org,gender=Genderfluid,title=Rev,skills=Thin Films,money_owned=$5.21
Q116,first_name=Jermaine,last_name=Bletcher,email=btheobaldms@microsoft.com,gender=Genderfluid,size=L,money_owned=$8.46
Q117,first_name=Zola,last_name=Bleakman,email=gbabon7m@epa.gov,title=Honorable,skills=RPR,nationality=Tajikistan,money_owned=$4.14
Q118,first_name=Jessi,last_name=Spurryer,email=dhairjb@opensource.org,gender=Genderfluid,title=Honorable,size=XS,skills=Novell Netware,nationality=Bolivia,money_owned=$7.80
Q119,last_name=Chopy,gender=Bigender,size=L,skills=NC-Verilog,money_owned=$4.80
Q120,first_name=Rudiger,last_name=McSharry,email=lhunterf9@huffingtonpost.com,gender=Genderfluid,title=Rev,size=XL,skills=ICT,nationality=Jordan,money_owned=$6.10
Q121,first_name=Orren
Q122,gender=Genderfluid,skills=UI Automation
Q123,first_name=Irwin,last_name=Savell,title=Ms,size=3XL
Q124,first_name=Guenevere,email=jclipson2u@cnn.com,gender=Polygender,size=M
Q125,last_name=Plows,money_owned=$3.06
Q126,first_name=Hayward,email=ysyfaxak@seesaa.net,gender=Genderqueer,size=2XL,skills=ETL,nationality=Portugal
Q127,first_name=Leontine,last_name=Pawden,email=nseneschalmy@blog.com,gender=Polygender,title=Ms,size=3XL,skills=NCARB,nationality=Jordan,money_owned=$1.45
Q128,first_name=Latisha,last_name=Barden,email=rrounsivall5z@va.gov,gender=Non-binary,size=L,skills=Ultra Low Latency,money_owned=$8.55
Q129,first_name=Deny,email=mraffinat@home.pl,gender=Agender,title=Mr
Q130,first_name=Giff
Q131,last_name=Pilsworth,title=Ms,size=M,skills=RCA,nationality=Denmark,money_owned=$8.19
Q132,first_name=Muffin,last_name=Guye,email=jfrid5l@altervista.org,size=S,skills=CDM,nationality=Dominican Republic
Q133,first_name=Tamarra,last_name=Madoc-Jones,email=hbaystonoh@flickr.com,gender=Female,title=Mrs,size=2XL,skills=IFR,nationality=Marshall Islands,money_owned=$0.65
Q134,last_name=Kilbride,email=bvanderwaltqk@desdev.cn,gender=Non-binary,title=Ms,size=S,money_owned=$6.55
Q135,first_name=Millard,gender=Male,size=S,money_owned=$9.49
Q136,first_name=Hamilton,last_name=Learmond,email=bodempsey6q@arizona.edu,gender=Agender,title=Mr,size=2XL,skills=Wills,nationality=Uganda,money_owned=$0.00
Q137,first_name=Dwain,last_name=Gellibrand,email=ncornillip0@timesonline.co.uk,gender=Agender,title=Mr,skills=DC Circuits,nationality=Macedonia,money_owned=$3.49
Q138,email=aseadoni9@gnu.org,title=Mrs,money_owned=$7.14
Q139,gender=Non-binary,nationality=Vietnam
Q140,first_name=Teena,last_name=Seadon,gender=Polygender,size=2XL,skills=Certified DDI Facilitator,nationality=Cuba
Q141,first_name=Amelia,last_name=Bullerwell,email=wdodsworthhf@hatena.ne.jp,gender=Female,title=Honorable,size=3XL,skills=Oil &amp; Gas,money_owned=$5.10
Q142,gender=Genderqueer,nationality=Kazakhstan,money_owned=$2.08
Q143,first_name=Lucais,last_name=Sollime,email=gdanielot95@bing.com,gender=Non-binary,nationality=Greenland,money_owned=$2.01
Q144,email=edimelowih@pbs.org,size=L
Q145,last_name=Fridlington
Q146,email=vhryskiewicz4e@bbc.co.uk,gender=Male,nationality=Croatia,money_owned=$8.23
Q147,nationality=Somalia,money_owned=$9.77
Q148,first_name=Packston,last_name=Verrill,email=lkornesbo@eventbrite.com,title=Dr,skills=IAX,money_owned=$0.11
Q149,email=pnasihc@marriott.com,size=3XL,skills=HDX,nationality=Iran,money_owned=$1.86
Q150,first_name=Sianna,last_name=Latliff,email=agriswood8v@berkeley.edu,gender=Polygender,nationality=Lesotho,money_owned=$2.45
Q151,email=icatterolljz@domainmarket.com
Q152,first_name=Gearard,last_name=Reis,gender=Genderfluid,size=3XL,money_owned=$1.77
Q153,first_name=Leopold,last_name=Bax,email=cwestcottne@dion.ne.jp,gender=Genderfluid,title=Rev,size=S,skills=Long-term Care,nationality=Netherlands
Q154,email=sboullergt@npr.org,title=Rev,skills=International Real Estate,nationality=Panama
Q155,size=M,skills=HtmlUnit,nationality=Somalia,money_owned=$6.95
Q156,first_name=Stewart,last_name=Bletcher,email=dpiggremg8@unc.edu,gender=Agender,skills=PC Anywhere,nationality=Dominican Republic,money_owned=$5.71
Q157,first_name=Haskell,size=L,skills=HBV
Q158,first_name=Adams,last_name=Rosenhaus,email=slancashiree1@theglobeandmail.com,gender=Polygender,title=Mrs,size=L,skills=Aviation Security,nationality=Chile,money_owned=$0.89
Q159,first_name=Kyle,last_name=Greenhowe,email=shoolaghan8x@tuttocitta.it,title=Mr,size=2XL,skills=Jenkins,nationality=Yemen
Q160,first_name=Sonny,last_name=Petracci,title=Ms,nationality=Serbia,money_owned=$5.08
Q161,skills=JPEG,nationality=United Kingdom
Q162,first_name=Belle,last_name=Munnion,email=dfollen6k@flavors.me,gender=Female,title=Ms,size=M,skills=Hands-on Training,nationality=United Kingdom,money_owned=$7.26
Q163,first_name=Randolf,last_name=Munns,size=XS,money_owned=$2.64
Q164,last_name=Guitel,gender=Genderqueer,title=Dr,size=S,skills=Surveying,nationality=Uganda,money_owned=$1.72
Q165,last_name=Uttermare,email=ndann6e@msu.edu,size=2XL,skills=Photo Shoots
Q166,email=dwippermannid@answers.com,gender=Non-binary,title=Mrs,size=S
Q167,skills=MD5
Q168,nationality=South Africa
Q169,first_name=Margeaux,last_name=Lieber,email=bbleakman9@netvibes.com,gender=Genderfluid,title=Dr,size=L,skills=Young Adults,nationality=Mali
Q170,last_name=O'Cahey,gender=Bigender,title=Mr,nationality=Azerbaijan
Q171,gender=Genderqueer,title=Rev,size=S,nationality=Indonesia,money_owned=$2.23
Q172,first_name=Cassondra,email=kcraiggpc@odnoklassniki.ru
Q173,first_name=Joaquin,last_name=Gebhardt,email=lworlidgeft@nbcnews.com,gender=Genderqueer,title=Honorable,size=L,skills=LCL,nationality=Zimbabwe
Q174,title=Mrs
Q175,gender=Polygender
Q176,first_name=Aurelea,last_name=Grigore,email=kbonsulb9@wikia.com,gender=Non-binary,title=Rev,size=2XL,skills=UB04,nationality=Bosnia and Herzegovina,money_owned=$5.84
Q177,first_name=Netta,email=oguyepx@boston.com,gender=Bigender,skills=Market Research
Q178,first_name=Kellsie,last_name=Gaitley,gender=Genderqueer,title=Mrs,size=L,skills=Security,money_owned=$2.94
Q179,first_name=Itch,last_name=Downie,email=edevanny9r@ifeng.com,gender=Genderqueer,title=Mrs,size=3XL,skills=Workplace Violence,nationality=Panama,money_owned=$6.48
Q180,first_name=Renard,last_name=Bernhardsson,email=kcockramjs@cbslocal.com,title=Mrs,size=L,skills=NSS,nationality=South Africa,money_owned=$5.54
Q181,last_name=Naton,gender=Female,title=Mrs,size=3XL
Q182,first_name=Belia,last_name=Woodhall,email=hcorkillaw@springer.com,gender=Bigender,title=Mr,skills=CNOR,money_owned=$1.65
Q183,email=agrigauti8@sphinn.com
Q184,last_name=Grigore,email=lbartosinski7u@samsung.com,money_owned=$2.82
Q185,gender=Bigender
Q186,first_name=Jefferey,email=evittle89@bbc.co.uk,title=Mrs,money_owned=$9.57
Q187,first_name=Karlis,last_name=Smylie,email=blynamc3@reference.com,gender=Male,size=XL,skills=Keyboards,nationality=Morocco,money_owned=$1.56
Q188,first_name=Auria,last_name=Longfellow,email=btofpiknr@rediff.com,gender=Bigender,title=Mr,size=S,skills=PVC,nationality=Ivory Coast,money_owned=$0.15
Q189,last_name=De Robertis,gender=Genderqueer,money_owned=$3.61
Q190,first_name=Blaire,email=lgoffordbp@naver.com,title=Honorable,size=3XL,nationality=Peru
Q191,gender=Polygender,size=2XL,skills=Youth Mentoring,money_owned=$6.15
Q192,email=epiechefm@theglobeandmail.com,skills=GST
Q193,first_name=Ethelda,last_name=Spurryer,email=glocarnodd@usa.gov,gender=Female,size=L,skills=Lyrical
Q194,first_name=Vitoria,last_name=Chidley,email=bparkhousean@si.edu,gender=Genderqueer,title=Dr,skills=Microsoft Dynamics GP,nationality=Croatia,money_owned=$5.64
Q195,first_name=Marlin,last_name=Mingasson,gender=Agender,title=Mr,size=L,skills=RSView,nationality=Angola,money_owned=$0.63
Q196,skills=BWA,nationality=Bosnia and Herzegovina
Q197,title=Dr,nationality=Yemen
Q198,first_name=Agna,last_name=Carcas,email=cmcsharry7g@discovery.com
Q199,first_name=Easter,email=lmonshall3z@histats.com,gender=Female,size=L,skills=ZeroMQ,nationality=Equatorial Guinea,money_owned=$8.16
Q200,email=cpennuzzi21@sciencedirect.com,title=Dr,skills=VNA
Q201,last_name=Griswood,email=ddregani3@lycos.com,title=Mr
Q202,first_name=Haydon,last_name=Ellif,email=tblackadderli@discuz.net,gender=Genderfluid,title=Honorable,skills=Djembe,nationality=Russia,money_owned=$1.36
Q203,last_name=Cody,email=fjeakinsnp@reverbnation.com,title=Rev,skills=BFSI,nationality=Uganda
Q204,first_name=Terrie,last_name=Marrill,nationality=Ecuador
Q205,first_name=Aymer,last_name=Chatto,gender=Female,title=Dr,size=2XL,skills=NMT,nationality=Thailand,money_owned=$5.81
Q206,size=M,skills=VJ
Q207,last_name=Sterman,email=pkiefer7l@joomla.org,title=Mr,skills=QNX
Q208,first_name=Rici,last_name=Lathbury,email=mhaytond9@japanpost.jp,gender=Non-binary,nationality=Czech Republic,money_owned=$9.36
Q209,last_name=Anthoney,email=rbaxr0@google.cn,gender=Bigender,title=Ms,size=XL,skills=FpML,nationality=Mali,money_owned=$6.76
Q210,first_name=Glen,last_name=Doding,email=mpithcockw@rediff.com,gender=Female,title=Mrs,size=3XL,skills=Runway,nationality=Czech Republic,money_owned=$2.79
Q211,last_name=Eaden,title=Rev,skills=Healthcare Industry,money_owned=$6.90
Q212,last_name=Marunchak,gender=Genderqueer,skills=At-risk,nationality=Sierra Leone,money_owned=$1.03
Q213,first_name=Rivy,last_name=Herculeson,email=kstammlerd@barnesandnoble.com,gender=Agender,size=XL,nationality=Peru,money_owned=$4.32
Q214,email=rwitz3t@wikia.com,skills=Owners Representative
Q215,email=rvanross2p@virginia.edu,money_owned=$7.26
Q216,first_name=Siobhan,last_name=Lysaght,email=bohrtcu@goodreads.com,title=Ms,size=S,skills=eEye Retina,nationality=Equatorial Guinea,money_owned=$2.17
Q217,gender=Bigender,title=Ms
Q218,first_name=Rosemonde,last_name=Harvard,email=jpettigree5@linkedin.com,gender=Genderfluid,title=Dr,size=L,skills=Non-profit Administration
Q219,last_name=Gartrell,email=zducel0@mtv.com,gender=Female,title=Dr,size=2XL,skills=Oasys,nationality=Kyrgyzstan
Q220,size=XS
Q221,last_name=Gratten,skills=Turbo Pascal,nationality=Armenia
Q222,skills=DSP BIOS
Q223,email=lgrece5i@guardian.co.uk,gender=Non-binary,title=Honorable,size=L
Q224,title=Dr,skills=CNG,nationality=Morocco
Q225,first_name=Verene,size=3XL
Q226,first_name=Shepperd,email=hmuncasterhw@state.tx.us,gender=Genderqueer,nationality=Marshall Islands,money_owned=$6.40
Q227,last_name=Piet,email=jcheatlelo@deviantart.com,gender=Agender,nationality=North Korea
Q228,last_name=Mil,size=XS,money_owned=$8.98
Q229,gender=Non-binary,title=Ms,size=L
Q230,first_name=Shirley,size=S
Q231,title=Mrs
Q232,first_name=Carrissa,last_name=Matthewman,gender=Non-binary,title=Honorable,size=2XL,skills=Asset Management,money_owned=$3.51
Q233,size=2XL
Q234,last_name=Likly,email=jsebastian1g@loc.gov,gender=Male,size=M,nationality=Latvia,money_owned=$0.27
Q235,first_name=Pandora,last_name=Habben,email=tmoxompq@wix.com,gender=Bigender,title=Honorable,size=XS,skills=CFD,nationality=Ukraine,money_owned=$0.54
Q236,last_name=Nutbrown
Q237,first_name=Lottie,last_name=Syfax,email=nlotwichoq@instagram.com,gender=Male,title=Rev,size=3XL,skills=Windows Server,nationality=Vietnam,money_owned=$8.84
Q238,first_name=Shalna,last_name=Whewell,email=sjoirisfh@so-net.ne.jp,gender=Genderqueer,title=Rev,size=L,skills=Lyricist,nationality=Lesotho,money_owned=$4.19
Q239,first_name=Cyndi,last_name=Rich,email=tdightf2@studiopress.com,gender=Genderfluid,title=Honorable,size=XS,skills=PDM,nationality=Austria,money_owned=$9.71
Q240,last_name=Hesey,email=catwilld3@bluehost.com,gender=Non-binary,size=M,nationality=Madagascar,money_owned=$4.12
Q241,first_name=Georgi,last_name=Tolfrey,email=arathmell12@nationalgeographic.com,title=Dr,size=XS,nationality=Netherlands,money_owned=$5.04
Q242,first_name=Ozzie,last_name=Erwin,gender=Genderqueer,title=Ms,size=L,skills=Microsoft Project,nationality=Indonesia,money_owned=$0.53
Q243,first_name=Natka,last_name=Abramcik,gender=Female,title=Ms,size=3XL,nationality=Armenia
Q244,last_name=Pressdee,email=mcuttelar20@dyndns.org,size=3XL,skills=Woodworking,nationality=Equatorial Guinea
Q245,email=wkenfordhs@sciencedirect.com,title=Rev,skills=MVNE
Q246,first_name=Eamon,last_name=Houltham,email=tblackadderli@discuz.net,gender=Polygender,size=M,skills=NNMi,nationality=United Kingdom,money_owned=$4.60
Q247,first_name=Xaviera,last_name=Linggard,email=bburkart38@ocn.ne.jp,gender=Female,title=Mrs,size=S,skills=Custom Homes,nationality=Kazakhstan,money_owned=$7.40
Q248,last_name=Treswell,email=cantram7v@irs.gov,title=Ms,size=2XL
Q249,first_name=Fanchon,last_name=Gippes,email=sfrontczaka7@imdb.com,gender=Male,title=Mr,size=2XL,skills=Land Development,nationality=Greenland,money_owned=$0.63
Q250,title=Rev,size=XL
Q251,first_name=Alyssa,last_name=Este,email=mcuttelar20@dyndns.org,gender=Bigender,title=Honorable,size=S,skills=Data Guard,nationality=Jordan
Q252,email=agooldenah@twitpic.com,title=Ms,size=3XL,nationality=Kyrgyzstan,money_owned=$1.17
Q253,email=adrewerybi@marketwatch.com,gender=Male,title=Ms,size=S,skills=QNXT,nationality=Republic of the Congo,money_owned=$3.89
Q254,first_name=Edd,last_name=Monshall,email=bgartrell4f@exblog.jp,money_owned=$8.14
Q255,title=Ms,skills=Blogging
Q256,first_name=Reagan,title=Mrs,size=3XL,money_owned=$4.22
Q257,first_name=Hilde,last_name=Cardinale,email=amcveymg@miitbeian.gov.cn,size=S,skills=LPC,nationality=Republic of the Congo,money_owned=$6.57
Q258,nationality=Uganda
Q259,email=myurivtsev3a@google.com.au,gender=Genderfluid,title=Dr,size=XL,nationality=Thailand,money_owned=$1.10
Q260,gender=Polygender,size=3XL
Q261,email=pmerredykh@squidoo.com,title=Ms,skills=MCDBA,money_owned=$4.37
Q262,last_name=Patron,email=fschurig3w@theatlantic.com,gender=Non-binary,title=Dr,size=2XL,skills=GMI
Q263,first_name=Erich,last_name=Frontczak,email=dwattinghamp7@cdc.gov,gender=Agender,title=Dr,size=M,skills=Fume FX
Q264,last_name=Caulkett,skills=VDSL2
Q265,first_name=Auberon,email=kpoloqu@admin.ch,gender=Polygender,size=M,skills=CISA,nationality=Zimbabwe
Q266,last_name=Munns,gender=Female,size=S,skills=IAR,nationality=Netherlands,money_owned=$1.72
Q267,first_name=Elvyn,skills=Owners Representative
Q268,last_name=Breslau,email=mgogin5c@ameblo.jp,size=XL,skills=cGMP practices
Q269,last_name=Crutchfield,email=sharvard9s@irs.gov,size=2XL,nationality=Dominican Republic,money_owned=$4.58
Q270,last_name=Click,size=XS,skills=Business Intelligence
Q271,last_name=Botton,email=pbrushfield13@meetup.com,title=Mr,skills=Aerial Photography,nationality=Thailand,money_owned=$0.12
Q272,first_name=Lora,last_name=Akker,email=bohrtcu@goodreads.com,gender=Male,title=Mrs,size=XL,nationality=Morocco,money_owned=$0.89
Q273,first_name=Sayers,last_name=Skirving,email=kgirardezck@photobucket.com,gender=Genderqueer,size=3XL,skills=Variable Data Printing,nationality=Azerbaijan,money_owned=$4.22
Q274,first_name=Sax,email=jdrummermk@patch.com,skills=CNOR,nationality=Uzbekistan
Q275,first_name=La verne,email=abeeton@vimeo.com
Q276,first_name=Terese,last_name=O'Calleran,email=bdwyrep@dot.gov,gender=Polygender,title=Rev,skills=MDL,nationality=Moldova,money_owned=$0.74
Q277,last_name=Standidge,money_owned=$7.38
Q278,first_name=Netta,last_name=Couch,email=jbeardshawqr@hao123.com,gender=Non-binary,title=Ms,size=XL,skills=NIST,nationality=Yemen,money_owned=$6.84
Q279,email=arougiercm@linkedin.com,gender=Genderqueer,title=Honorable,size=3XL,nationality=United States,money_owned=$7.47
Q280,first_name=Hermione,email=cyouellaa@goo.ne.jp,gender=Male,title=Ms,size=3XL,skills=Subversion,nationality=South Korea,money_owned=$7.74
Q281,skills=Investment Banking,nationality=Armenia,money_owned=$6.45
Q282,email=jcheatlelo@deviantart.com,size=XL,skills=Fashion Jewelry
Q283,email=hperutto39@tinypic.com,size=2XL,skills=SFDC
Q284,first_name=Zachary,gender=Genderqueer,title=Dr,size=3XL
Q285,first_name=Sloane,email=spottagefd@house.gov,title=Mrs,size=2XL,skills=JBuilder
Q286,first_name=Haydon,last_name=Catteroll,gender=Genderfluid,title=Honorable,skills=Upholstery,nationality=Chad,money_owned=$3.89
Q287,last_name=Corkill,gender=Bigender,size=2XL,skills=Surveying,money_owned=$5.49
Q288,email=mkimbleyke@yellowbook.com,title=Rev,nationality=Turkmenistan,money_owned=$7.86
Q289,skills=CVD,nationality=France
Q290,first_name=Nickolas,size=XS
Q291,first_name=Leoline,last_name=Sterman,gender=Male,title=Rev,size=L,nationality=Moldova,money_owned=$0.94
Q292,last_name=Osbourne,email=qpaurhe@mozilla.com,gender=Male,title=Honorable,size=XL,nationality=Niger,money_owned=$1.19
Q293,first_name=Cozmo,title=Dr,skills=BMR
Q294,title=Rev
Q295,first_name=Shandie,last_name=Vizard,size=L
Q296,first_name=Frank,money_owned=$8.65
Q297,last_name=Kauffman,email=jbeardshawqr@hao123.com,skills=Easytrieve
Q298,last_name=Madine,gender=Female
Q299,first_name=Sterling,last_name=Blackshaw,email=bdarey25@comsenz.com,gender=Agender,title=Rev,skills=Core FTP,nationality=Bangladesh,money_owned=$6.74
Q300,first_name=Dene,last_name=Giffon,email=gmaticb4@google.ca,gender=Agender,title=Dr,size=3XL,skills=TWIC Card,nationality=Bangladesh,money_owned=$3.63
Q301,size=XL,money_owned=$2.73
Q302,first_name=Wyndham,email=tblackadderli@discuz.net,skills=Order Picking,nationality=Equatorial Guinea,money_owned=$1.15
Q303,first_name=Lauryn,last_name=Stampfer,email=bohrtcu@goodreads.com,gender=Genderqueer,title=Honorable,size=M,skills=CVA,nationality=Micronesia,money_owned=$4.64
Q304,first_name=Max,email=sbeldomkq@shareasale.com,gender=Bigender,title=Honorable,size=L,skills=NCSim,nationality=Germany
Q305,email=dstratfordfv@acquirethisname.com,gender=Polygender,title=Ms,skills=Myriad,nationality=Madagascar
Q306,first_name=Celie,gender=Genderqueer,title=Honorable,skills=Outpatient Orthopedics,nationality=North Korea,money_owned=$1.16
Q307,email=dfidianhz@fastcompany.com,title=Rev,size=XL,skills=Commercial Aviation,nationality=Greenland,money_owned=$7.28
Q308,email=lvanyatinmn@bizjournals.com,gender=Female
Q309,email=mgogin5c@ameblo.jp,gender=Genderfluid,money_owned=$5.18
Q310,first_name=Patrizio,last_name=Gumly,email=mserjeantkn@wunderground.com,gender=Genderfluid,size=XS,skills=GNSS,nationality=Romania,money_owned=$7.78
Q311,first_name=Delainey,email=msommerville8i@rakuten.co.jp,gender=Agender,title=Ms,size=M,skills=CNS disorders,nationality=Ivory Coast,money_owned=$6.44
Q312,last_name=Headly,money_owned=$1.25
Q313,first_name=Stephi
Q314,last_name=Fearey,email=achristmasa1@youtube.com,title=Rev,size=S,nationality=Vietnam,money_owned=$1.83
Q315,last_name=Luckhurst,email=tsneesbyj2@1688.com,title=Dr,size=M,skills=FM,nationality=Ukraine,money_owned=$3.80
Q316,first_name=Joice,last_name=Vittle,email=kokeshottis@flickr.com,gender=Male,title=Dr,size=XS,skills=Copywriting,nationality=Nicaragua,money_owned=$1.12
Q317,first_name=Felice,last_name=Jorcke,gender=Genderfluid,title=Mr,size=S,nationality=Equatorial Guinea,money_owned=$3.69
Q318,last_name=Josef,email=mfife5y@webnode.com,gender=Bigender,size=XL,skills=CFML,nationality=Israel,money_owned=$0.27
Q319,first_name=Chaim,title=Mrs,skills=PPP,nationality=Angola
Q320,gender=Non-binary,title=Mrs,nationality=Iran
Q321,size=2XL,skills=Wholesale
Q322,first_name=Karia,last_name=Penchen,email=tducaenos@youtube.com
Q323,email=ddaintithkg@mtv.com,gender=Bigender,title=Mrs,size=M,skills=Short Films,money_owned=$0.36
Q324,first_name=Edd,gender=Non-binary,title=Mrs,size=S,skills=FDICIA,nationality=Guam,money_owned=$7.53
Q325,first_name=Felipe,size=S,skills=Gas Turbines
Q326,first_name=Amandie,last_name=Rosenhaus,email=ekegan51@nytimes.com,size=S
Q327,gender=Agender,nationality=Peru,money_owned=$3.01
Q328,last_name=Drummer,email=fgarwoodb2@weibo.com,title=Ms,skills=Aeroelasticity
Q329,last_name=Drable,email=bbergstrandps@gnu.org,skills=WS-Federation,nationality=Kiribati,money_owned=$5.71
Q330,first_name=Ephraim,last_name=Van Ross,gender=Male,title=Rev,size=2XL,skills=Online Help,nationality=Guam,money_owned=$1.88
Q331,first_name=Cozmo,last_name=Batram,email=myurivtsev3a@google.com.au,gender=Genderqueer,title=Honorable,size=S,skills=GNU Debugger,money_owned=$6.69
Q332,first_name=Pattin,last_name=Marke,email=cmallindergq@uiuc.edu,gender=Non-binary,title=Rev,size=3XL,skills=Ghost Imaging,nationality=Equatorial Guinea,money_owned=$7.52
Q333,nationality=Bulgaria
Q334,last_name=Teather,gender=Genderfluid,title=Ms,skills=Pediatrics,nationality=United Kingdom
Q335,first_name=Izabel,last_name=Stutte,email=yharkus5v@zdnet.com,title=Mr,skills=Hydraulic Systems,nationality=Micronesia,money_owned=$2.51
Q336,first_name=Hillard,nationality=Lesotho
Q337,first_name=Dodi,last_name=McGriffin,title=Mr,size=M,skills=Lean Manufacturing,nationality=Sri Lanka,money_owned=$9.54
Q338,first_name=Ryan,last_name=Carrington,email=spetroulisek@bbb.org,gender=Agender,title=Dr
Q339,first_name=Ripley,last_name=Girardoni,gender=Genderqueer,title=Honorable,skills=CCIM
Q340,first_name=Harold,email=jzumbusch65@google.de,gender=Bigender,nationality=Egypt,money_owned=$2.09
Q341,first_name=Gibb,gender=Female,title=Dr,size=XL,skills=SMT Kingdom,nationality=Indonesia,money_owned=$0.53
Q342,last_name=Gilmartin,gender=Non-binary,skills=AJAX Frameworks
Q343,email=jolivecz@webnode.com,gender=Male,title=Rev,size=3XL,money_owned=$5.57
Q344,first_name=Almeria,gender=Female,title=Honorable,skills=Petroleum Engineering
Q345,skills=CPR Certified
Q346,first_name=Sawyere,last_name=Scandrett,email=emottinellico@blogger.com,gender=Female,title=Rev,size=L,skills=Mycology,nationality=Mexico,money_owned=$0.01
Q347,first_name=Esma,last_name=Marunchak,email=btheobaldms@microsoft.com,gender=Male,title=Mr,size=XS,skills=Easytrieve,nationality=Maldives,money_owned=$7.47
Q348,first_name=Storm,nationality=Greece,money_owned=$5.76
Q349,size=XS,nationality=Trinidad and Tobago,money_owned=$6.21
Q350,first_name=Lynea,last_name=Clipson,email=sbulteelnu@eventbrite.com,gender=Bigender,title=Mrs,size=2XL,skills=SAP-SD
Q351,first_name=Stephenie,skills=Hyperion Planning
Q352,first_name=Maxwell,last_name=Hames,email=tfliegein@usatoday.com,gender=Male,title=Dr,size=XS,skills=Glaucoma,nationality=Mali,money_owned=$1.11
Q353,size=S
Q354,first_name=Tamarra,last_name=Kahan,title=Ms,skills=Test Equipment,money_owned=$2.15
Q355,first_name=Isabella,gender=Genderqueer,title=Rev,skills=Aerohive,money_owned=$4.98
Q356,last_name=La Rosa,email=ciacovone9g@ovh.net,gender=Agender,title=Dr,nationality=Micronesia,money_owned=$0.62
Q357,last_name=Wattingham,title=Rev,size=3XL,nationality=Ethiopia,money_owned=$2.20
Q358,title=Rev,nationality=Botswana,money_owned=$1.53
Q359,gender=Bigender
Q360,first_name=Fons,last_name=Habben,email=abacksal2c@a8.net,gender=Female,title=Rev,size=L,skills=Board of Directors,nationality=Uzbekistan,money_owned=$6.10
Q361,money_owned=$5.50
Q362,first_name=Chiquia,last_name=Blasiak,gender=Polygender,title=Mrs,skills=Java Applets,nationality=Afghanistan,money_owned=$9.77
Q363,email=anunsonrn@japanpost.jp,gender=Genderfluid,title=Dr,size=XS,skills=Frame Relay
Q364,first_name=Delinda,last_name=Davioud,email=fswanstono2@hatena.ne.jp,gender=Genderqueer,title=Honorable,skills=EF,money_owned=$7.45
Q365,last_name=Drummer,email=ganmores@clickbank.net,gender=Genderfluid,size=XL,skills=EHS,money_owned=$9.69
Q366,email=dgrundellno@unicef.org,size=2XL
Q367,first_name=Percival
Q368,email=scostellkl@hhs.gov,title=Rev,size=M
Q369,last_name=Seak,gender=Genderfluid,size=M,skills=Hyperion Planning
Q370,last_name=Felgate,email=bwinwrightap@a8.net,gender=Male,title=Ms,skills=HP Procurve Networking
Q371,first_name=Jewelle,last_name=Blackadder,email=cbarhems31@google.nl,title=Rev,size=L,money_owned=$0.63
Q372,first_name=Kalli,email=lhaconlj@comcast.net,gender=Non-binary,title=Mr,size=L,skills=iWork,nationality=Portugal,money_owned=$5.24
Q373,email=avonderemptendx@tumblr.com,gender=Genderqueer,title=Mr,size=2XL,skills=Pipelines,nationality=Greece,money_owned=$5.84
Q374,first_name=Shalna,nationality=Republic of the Congo
Q375,first_name=Jewelle,gender=Genderfluid,money_owned=$1.71
Q376,first_name=Terry,last_name=Witherden,email=gkinnerklt@microsoft.com,gender=Genderqueer,title=Mrs,size=2XL,skills=Security,nationality=China
Q377,first_name=Alis,last_name=Tomashov,email=cflelloit@cornell.edu,gender=Agender,size=S,nationality=Panama,money_owned=$7.70
Q378,email=dmecofq@reddit.com,gender=Bigender,nationality=Afghanistan
Q379,first_name=Theobald,last_name=Chessor,email=dfidianhz@fastcompany.com,title=Ms,money_owned=$3.54
Q380,first_name=Cammi,last_name=Swanston,size=XS
Q381,email=gbarcroft8y@mysql.com,title=Mrs,skills=New Product Ideas,money_owned=$7.58
Q382,first_name=Harmony,last_name=Mathelin,email=srichmt@e-recht24.de,gender=Female,title=Mr,size=L,skills=TFM,nationality=Ivory Coast,money_owned=$2.94
Q383,last_name=Artz,email=cleftly4r@cnet.com,size=XL,money_owned=$0.87
Q384,first_name=Jason,email=smerringl@google.cn,gender=Non-binary,title=Ms,size=2XL,skills=NMLS Licensed
Q385,title=Honorable
Q386,last_name=Ruslinge
Q387,first_name=Chrissie,last_name=Decort,email=sbloorejo@army.mil,title=Mrs,size=XL,skills=Keyboards,nationality=Zimbabwe
Q388,last_name=Stanier,size=2XL
Q389,first_name=Shaine,last_name=Georgins,email=agippesdg@exblog.jp,gender=Agender,title=Dr,size=M,skills=Yahoo Search,nationality=Bolivia,money_owned=$4.63
Q390,email=kladsonod@howstuffworks.com,gender=Bigender,title=Ms,skills=Athlete Development,nationality=Malaysia,money_owned=$1.61
Q391,first_name=Darlene,last_name=Capon,email=awhewelljh@mayoclinic.com,gender=Polygender,title=Honorable,size=XL,nationality=Trinidad and Tobago,money_owned=$2.09
Q392,first_name=Thomas,skills=UI Automation,nationality=Guam,money_owned=$0.27
Q393,email=blearmond3k@dyndns.org,size=XS
Q394,last_name=Schukraft,skills=Emerging Markets
Q395,first_name=Quint,email=lmurgatroyd8r@wikia.com,skills=RTO,nationality=Nigeria
Q396,first_name=Loren,email=pcalderonelloqq@si.edu,size=L,nationality=Nigeria
Q397,nationality=Syria
Q398,skills=Aquatic Therapy,nationality=Uruguay
Q399,first_name=Linoel,last_name=Erwin,email=icatterolljz@domainmarket.com,gender=Agender,title=Mrs,size=XL,skills=WCDMA,nationality=Slovenia,money_owned=$2.07
Q400,email=eharbererc@ft.com,skills=QuarkXPress
Q401,first_name=Cacilie,last_name=Iacovielli,email=dshobbrookae@joomla.org,gender=Female,title=Rev,skills=TFM,nationality=Ivory Coast,money_owned=$7.12
Q402,first_name=Hamid,gender=Female,size=XS,skills=Portraits,money_owned=$6.37
Q403,first_name=Ethelyn,last_name=Havard,gender=Agender,title=Rev,size=M,skills=IGRP,nationality=Hungary,money_owned=$9.78
Q404,first_name=Leopold,last_name=Wride,email=mbellamc7@w3.org,title=Dr,size=XS,skills=Rolling Stock,nationality=United States,money_owned=$7.72
Q405,first_name=Katey,last_name=Smewings,email=wcalkinp6@epa.gov,size=M,skills=xPON,money_owned=$5.03
Q406,email=llarcheria@unicef.org,title=Rev,size=XL,skills=WAN,money_owned=$3.63
Q407,title=Dr,nationality=Afghanistan,money_owned=$3.86
Q408,gender=Polygender,nationality=Equatorial Guinea
Q409,nationality=Croatia,money_owned=$4.67
Q410,title=Dr
Q411,email=tdifrancescod7@wiley.com,gender=Bigender,title=Rev,skills=VMware View,nationality=Ukraine
Q412,first_name=Olympe,last_name=Havard,email=kwallenger4k@yale.edu,title=Mr,size=M,nationality=Canada,money_owned=$4.11
Q413,email=arands7w@topsy.com,size=S,money_owned=$8.26
Q414,first_name=Raynard,size=3XL
Q415,first_name=Warden,last_name=Fidoe,email=ymaccaguerd@usgs.gov,gender=Agender,title=Rev,skills=GNU C,nationality=Greece,money_owned=$0.80
Q416,first_name=Joaquin,last_name=Eves,email=rellifm5@typepad.com,gender=Genderfluid,title=Honorable,size=S,skills=WLAN,nationality=Burkina Faso,money_owned=$2.09
Q417,nationality=Italy
Q418,first_name=Clary,size=L
Q419,email=rgrishakinfw@earthlink.net,skills=PWA,nationality=Chile
Q420,first_name=Chaim,last_name=Skeel,email=aswendell3o@google.es,gender=Agender,title=Dr,size=S,skills=Static Timing Analysis,money_owned=$8.75
Q421,first_name=Fons,last_name=Ehrat,email=ssphinxeaq@goo.gl,gender=Genderqueer,title=Rev,size=XS,skills=Euphonium,nationality=Ethiopia,money_owned=$7.84
Q422,last_name=Hadland,size=M
Q423,first_name=Gabriello,gender=Polygender,skills=RCRA
Q424,gender=Bigender,size=XS,skills=UDDI,nationality=Lesotho,money_owned=$7.45
Q425,first_name=Teena,last_name=Schukraft,email=mbert9f@weather.com,gender=Bigender,title=Ms,size=XS,nationality=Central African Republic,money_owned=$4.79
Q426,first_name=Almeria,email=bnormabell53@umn.edu,gender=Genderfluid,size=2XL,skills=Prenuptial Agreements,nationality=Bolivia
Q427,first_name=Dannie,last_name=Swanston,email=hcolenuttds@oaic.gov.au,gender=Agender,title=Mrs,size=2XL,skills=GNSS,nationality=Bulgaria,money_owned=$2.45
Q428,first_name=Vicky,last_name=Kench,email=fsealepj@sfgate.com,gender=Polygender,title=Rev,skills=DVD Authoring
Q429,first_name=Maible,last_name=Lightning,title=Dr,size=XL,nationality=China,money_owned=$8.32
Q430,size=M
Q431,first_name=Shalna,last_name=Rougier,email=lheerane3@ftc.gov,gender=Genderfluid,title=Ms,size=M,skills=Beverage Industry,nationality=Kazakhstan,money_owned=$7.90
Q432,money_owned=$3.84
Q433,first_name=Kayne,last_name=MacGaughy,email=ckauffmannt@home.pl,gender=Genderfluid,title=Dr,nationality=Japan,money_owned=$8.91
Q434,last_name=Nixon,email=cbollettinq@telegraph.co.uk,title=Mr,size=M,nationality=Bulgaria
Q435,first_name=Sigfried,last_name=Thackeray,gender=Non-binary,title=Honorable,skills=SBT
Q436,first_name=Alyssa,gender=Genderqueer,skills=Title Searches,nationality=Greenland
Q437,first_name=Consuelo,last_name=Latter,skills=Cardiac Rhythm Management,nationality=Italy,money_owned=$9.91
Q438,first_name=Shaine,last_name=Fortescue,email=agippesdg@exblog.jp,gender=Female,title=Honorable,size=3XL,skills=Sickness Absence Management,nationality=North Korea
Q439,first_name=Waiter,email=bwinwrightap@a8.net,gender=Genderfluid,title=Mr
Q440,gender=Male,title=Mr,nationality=Ecuador
Q441,first_name=Stacey,title=Ms,size=2XL,skills=FCC License,money_owned=$5.13
Q442,gender=Bigender
Q443,first_name=Ania,last_name=Godier,nationality=Chad
Q444,gender=Bigender,skills=Customs Regulations,money_owned=$2.99
Q445,first_name=Normand,last_name=Davioud,email=sroast5o@booking.com,gender=Non-binary,title=Ms
Q446,first_name=Giles,last_name=Stampfer,title=Ms
Q447,first_name=Pren,gender=Female,title=Rev,size=XS,skills=Static Timing Analysis,nationality=Greece,money_owned=$5.92
Q448,gender=Bigender,title=Ms,skills=CP
Q449,last_name=Brazear,money_owned=$8.20
Q450,first_name=Karel,email=nbonson62@discuz.net,gender=Agender,title=Rev,size=XS,skills=KRAs,money_owned=$1.43
Q451,last_name=Sharples,email=zpummery5h@topsy.com,title=Mrs,size=2XL,skills=LSAT,nationality=Jordan,money_owned=$0.96
Q452,title=Honorable
Q453,email=inatwickm3@tmall.com
Q454,first_name=Gabbie,last_name=Lanahan,email=halmey49@weibo.com,skills=Owners Representative
Q455,first_name=Pearline,last_name=Bengough,email=shoolaghan8x@tuttocitta.it,size=L,skills=Fiber Optics,money_owned=$6.47
Q456,title=Dr,money_owned=$7.51
Q457,first_name=Eddy,last_name=Page,gender=Genderqueer,size=3XL,skills=SRST,nationality=Jordan
Q458,first_name=Dwain,last_name=Cowerd,email=tmartinopi@toplist.cz,gender=Female,title=Mrs,skills=GTS,nationality=United States
Q459,last_name=Ehrat,gender=Polygender
Q460,email=wdodsworthhf@hatena.ne.jp,title=Dr
Q461,first_name=Nerty,last_name=Fallanche,gender=Agender
Q462,email=elagrange4a@tinyurl.com,skills=FpML
Q463,first_name=Meaghan,last_name=Ruslinge,email=nmateescugu@amazon.co.uk,gender=Female,title=Honorable,size=2XL,nationality=Uzbekistan,money_owned=$2.25
Q464,first_name=Petra,gender=Genderqueer,skills=CGEIT,money_owned=$7.83
Q465,title=Mr
Q466,email=fskirvingc9@usda.gov,gender=Genderqueer,title=Rev,skills=Switchgear
Q467,title=Ms,size=L
Q468,first_name=Meyer,last_name=Heggie,email=dpenchennn@businessinsider.com,gender=Agender,title=Ms,size=XS,skills=Algorithms,nationality=Zambia
Q469,first_name=Bernadine,last_name=Mingasson,email=amarquisd1@wikispaces.com,gender=Genderqueer,title=Dr,size=2XL,skills=Ion Implantation,money_owned=$9.51
Q470,last_name=Latter,title=Honorable,size=XL,skills=Electronics,nationality=Malaysia
Q471,last_name=Scuse,email=tsherbornedz@techcrunch.com,title=Dr,size=2XL,money_owned=$0.46
Q472,first_name=Joseito,email=zfliegep1@abc.net.au,gender=Agender,title=Dr,nationality=Syria
Q473,gender=Female,title=Mr
Q474,first_name=Ryan,last_name=Yurivtsev,gender=Genderfluid,title=Rev,size=2XL,money_owned=$9.12
Q475,email=kcockramjs@cbslocal.com
Q476,first_name=Ketti,last_name=Tollett,email=arougiercm@linkedin.com,size=2XL,skills=Pdf,nationality=Micronesia,money_owned=$1.86
Q477,first_name=Missy,gender=Male,skills=BBEdit,nationality=Japan,money_owned=$2.51
Q478,first_name=Millard,last_name=Rumens,email=vkirman4s@addthis.com,gender=Bigender,size=2XL,money_owned=$1.91
Q479,skills=JDK,nationality=Sri Lanka
Q480,email=lgoffordbp@naver.com,title=Ms,nationality=Venezuela
Q481,gender=Genderfluid,size=XS,nationality=Uganda
Q482,first_name=Alameda,last_name=Madine,email=ecawkilliv@dyndns.org,skills=Piping,nationality=Argentina
Q483,first_name=Marena,last_name=Dybell,email=dscapense7@go.com,gender=Polygender,title=Honorable,size=L,skills=Childcare,nationality=Moldova,money_owned=$0.63
Q484,first_name=Erskine,size=L,skills=CCDP,nationality=French Guiana
Q485,size=3XL,skills=Ambulatory Care,nationality=Thailand
Q486,last_name=Decort,title=Dr,size=XS,skills=Emerging Markets
Q487,title=Mrs
Q488,last_name=Bullerwell,skills=FDICIA
Q489,first_name=Felipe,last_name=Hapgood,email=rpendlepb@slashdot.org,gender=Agender,title=Honorable,size=3XL,skills=FM,nationality=Bolivia,money_owned=$9.17
Q490,size=XL,skills=Juvenile Delinquency
Q491,first_name=Dana,email=emunns5r@wsj.com,gender=Female,title=Mr,size=2XL,skills=ODBC,nationality=Kazakhstan,money_owned=$9.98
Q492,first_name=Olympe,last_name=Follen,email=rhowkins44@japanpost.jp,title=Mrs,money_owned=$3.35
Q493,first_name=Heather,skills=Registered Patent Attorney
Q494,email=wtrippick6c@berkeley.edu
Q495,email=erogezda@blogger.com,gender=Genderqueer,title=Ms
Q496,first_name=Elmore,email=bfrow1f@google.co.uk,gender=Polygender,title=Ms,size=XS,skills=Special Effects Makeup,nationality=Italy,money_owned=$2.25
Q497,first_name=Theo,last_name=Kegan,title=Honorable,nationality=Palestinian Territory,money_owned=$7.50
Q498,email=hcolenuttds@oaic.gov.au,size=XS,nationality=Uzbekistan
Q499,first_name=Marci,last_name=Scarlon,email=cdunbabinr@yellowpages.com,gender=Female,title=Ms,size=XS,skills=Control Systems Design,nationality=Morocco,money_owned=$8.79
Q500,last_name=Blackshaw,email=aproudf1@mozilla.com,gender=Agender,title=Honorable,size=XL,skills=LSAT,nationality=Portugal
